Código,Posto,Mês/Ano,1,2,3,4,5,6,7,8,9,10,11,12,13,14,15,16,17,18,19,20,21,22,23,24,25,26,27,28,29,30,31,Acumulado
198,Abreu e Lima,jan./2024,"6,8","0,1",0,0,0,0,0,0,0,0,19,"3,3","15,5",62,0,"0,3",0,0,0,"8,4",0,0,0,0,"1,8","0,2",0,0,"3,1",0,0,"1873,8"
309,Araçoiaba (Granja Cristo Redentor),jan./2024,0,0,0,0,0,0,0,0,0,0,"44,1","17,5",27,"7,2",0,0,0,0,0,0,0,0,0,0,0,0,"47,3",0,0,0,0,"1208,9"
301,Cabo,jan./2024,-,-,-,-,-,-,-,-,-,-,-,-,-,-,-,-,-,-,-,-,-,-,-,-,-,-,-,-,-,-,-,0
490,Cabo (Barragem de Gurjaú),jan./2024,0,"4,1",0,"0,3",0,0,0,0,"0,6",0,0,"0,1","4,2","34,8",0,"0,7",0,"0,1","1,2",0,0,0,0,0,0,"76,7","4,9","0,2","6,9",0,0,"1813,5"
491,Cabo (Barragem de Suape),jan./2024,"1,1",0,0,0,0,0,0,0,"1,5",0,10,1,30,"17,4",0,1,"0,7",0,0,0,0,0,0,0,0,75,"7,5",0,0,0,0,"1764,8"
603,Cabo (Pirapama),jan./2024,0,11,0,"0,5",0,0,0,0,3,"2,9",24,"0,7","0,3","37,4",0,"0,5",0,0,0,0,0,0,0,0,0,91,"9,2","2,1",0,0,0,"1927,2"
201,Camaragibe,jan./2024,"18,9","13,2",0,0,0,0,0,0,"1,2","3,1","50,1","2,2","7,4","25,5",1,0,0,0,2,0,0,0,0,0,0,"6,5","3,5","1,5",0,0,0,"1620,3"
28,Goiana (Itapirema - IPA),jan./2024,"0,2","6,5","0,2",0,0,0,0,0,0,"4,8","70,4",4,0,0,0,0,0,0,"0,2",0,0,0,0,0,"0,2","26,4",0,0,0,0,0,"1275,3"
487,Goiana - PCD,jan./2024,-,-,-,-,-,-,-,-,-,-,-,-,-,-,-,-,-,-,-,-,-,-,-,-,-,-,-,-,-,-,-,"221,4"
100,Igarassu,jan./2024,0,"35,8","5,4","2,8",0,0,0,0,0,0,"5,9","1,8","17,5","62,1","0,3","2,1",0,0,0,0,0,0,0,0,"5,3","6,6",0,0,"8,7",0,0,1579
269,Igarassu (Bar.Catucá),jan./2024,0,0,0,0,0,0,0,0,0,0,"46,1",11,53,"79,9",0,"0,5",0,-,1,0,0,0,0,0,0,"9,5",0,0,0,0,0,"1254,1"
294,Igarassu (Usina São José),jan./2024,0,0,0,0,0,0,0,0,0,0,"44,9","9,4",40,75,"3,9",0,0,0,0,"4,7",0,0,0,0,0,"2,8","3,8",0,1,0,0,"1389,1"
387,Ipojuca,jan./2024,"0,3",0,0,"0,3",0,0,0,0,0,0,"14,4",0,"13,1","17,9",0,"0,7","1,1",0,0,"3,2",0,0,0,0,0,"95,5",0,0,0,0,0,"1859,6"
602,Ipojuca (Suape) - PCD,jan./2024,"1,6","0,4","4,4",0,0,0,0,0,3,0,"5,4",0,"55,4","2,4",0,"3,2","0,4","0,6",0,0,0,0,0,"0,4","1,8","20,6",0,0,0,0,0,"467,8"
524,Itamaracá,jan./2024,"12,2","24,1","17,2",0,0,0,0,0,"1,6","4,1",71,"2,5",19,25,0,0,0,0,"1,4",0,0,0,0,0,0,"4,8","2,7","0,6",0,0,0,"1558,8"
520,Itapissuma,jan./2024,"9,7","15,2","11,4",0,0,0,0,0,"9,2",0,47,2,"21,4","23,5",0,0,0,0,1,0,0,0,0,0,0,"5,5","3,4","0,5",0,0,0,"1723,9"
604,Jaboatão (Cidade da Copa) - PCD,jan./2024,"0,2",3,"0,6","0,8",0,0,0,0,"3,4","1,8",25,"1,2",25,"17,4","0,2","3,4",0,"0,4","1,4","0,4",0,0,0,0,"0,2","74,2","0,4",0,"8,8",0,0,"2019,2"
202,Jaboatão dos Guararapes,jan./2024,-,-,-,-,-,-,-,-,-,-,-,-,-,-,-,-,-,-,-,-,-,-,-,-,-,-,-,-,-,-,-,0
268,Jaboatão dos Guararapes (Bar.Duas Unas),jan./2024,0,10,0,"0,2",0,0,0,0,"3,6","0,9","33,5",0,"2,6",13,"0,1","1,8",0,0,"2,2",0,0,0,0,0,1,"67,7","1,7",0,"4,2",0,0,"1761,8"
205,Moreno,jan./2024,0,0,0,0,0,0,0,0,"3,1",0,0,0,2,"17,9","0,5",0,0,0,"2,9",0,0,0,0,0,0,"69,1","1,5",0,"3,2",0,0,"1432,4"
199,Olinda,jan./2024,-,-,-,-,-,-,-,-,-,-,-,-,-,-,-,-,-,-,-,-,-,-,-,-,-,-,-,-,-,-,-,0
551,Olinda (Academia Santa Gertrudes),jan./2024,10,"1,7",0,0,0,0,0,0,0,1,"9,1","9,1","16,5","13,1",0,0,0,"0,7",0,"4,1",0,0,0,0,"7,5","4,9",0,0,0,0,0,"1456,7"
209,Olinda (Alto da Bondade),jan./2024,-,-,-,-,-,-,-,-,-,-,-,-,-,-,-,-,-,-,-,-,-,-,-,0,0,0,0,0,0,0,0,0
451,Paulista,jan./2024,"28,2",0,0,0,0,0,0,0,1,"1,4",17,0,"15,6","15,8","0,2",0,0,"1,6","3,2","19,3",0,0,0,0,"19,7","5,3","7,9","0,8","0,6",0,0,"1747,4"
265,Recife (Alto da Brasileira),jan./2024,"15,6","1,8",0,"0,9",0,0,0,0,"0,5",-,"21,1","7,4","13,1","18,2",0,0,0,0,0,"32,2",0,0,0,0,0,"27,4","3,2",0,0,0,0,"1819,1"
196,Recife (Codecipe / Santo Amaro),jan./2024,15,0,0,0,0,0,0,0,0,0,"5,2",2,"2,6","36,5",0,0,0,0,0,"2,5",0,0,0,0,0,4,0,0,0,0,0,"1511,9"
30,Recife (Várzea),jan./2024,-,-,-,-,-,-,-,-,-,-,-,-,-,-,-,-,-,-,-,-,-,-,-,-,-,-,-,-,-,-,-,0
267,São Lourenço da Mata (Tapacurá),jan./2024,0,"30,7",0,0,0,0,0,0,0,0,"45,3","5,6","1,7","11,2",0,"0,6",0,0,0,0,0,0,0,0,0,"30,2","3,6",0,"3,2",0,0,"1214,2"
198,Abreu e Lima,fev./2024,0,"3,5",0,0,0,0,0,0,10,"6,7","6,2",0,"20,4","1,2","6,7",86,"0,1",1,0,0,"1,5","19,9","2,3",0,"3,5","0,8","38,3",70,"1,1",-,-,"1873,8"
309,Araçoiaba (Granja Cristo Redentor),fev./2024,0,0,0,4,0,"3,6","0,6",0,0,0,11,"0,4","9,8",0,"6,5","46,2",0,0,0,"0,4","3,8",3,"0,6","0,2","2,2",0,4,"28,6","66,4",-,-,"1208,9"
301,Cabo,fev./2024,-,-,-,-,-,-,-,-,-,-,-,-,-,-,-,-,-,-,-,-,-,-,-,-,-,-,-,-,-,-,-,0
490,Cabo (Barragem de Gurjaú),fev./2024,0,0,"8,4",0,0,"0,3",0,"2,6","2,7",0,0,3,11,0,0,56,"2,8","4,2","4,1",0,"21,4","1,2","0,4",0,"3,3","4,4",0,19,"22,3",-,-,"1813,5"
491,Cabo (Barragem de Suape),fev./2024,"3,7","5,4",0,0,0,0,0,0,0,0,0,"5,9","10,6","5,2","1,5",37,"3,9","0,6","2,4",0,"24,9","25,5","0,8","2,9",0,"3,5",0,"5,9",0,-,-,"1764,8"
603,Cabo (Pirapama),fev./2024,0,"8,4",0,0,0,0,0,"0,3","0,4",0,"2,2","1,1","19,6","1,8",0,"55,4","3,2",0,"3,7","0,2","5,9","1,7","0,1","5,9","2,7","7,5","0,1",5,0,-,-,"1927,2"
201,Camaragibe,fev./2024,"1,6",0,0,0,0,"2,5",0,0,"6,3",0,"2,8",0,0,0,"10,5","77,1",0,0,1,"2,7","4,8","12,4","6,5","0,5",2,"2,8","0,9","33,4","31,2",-,-,"1620,3"
28,Goiana (Itapirema - IPA),fev./2024,"0,6","3,4",0,"2,4","4,8","2,6",0,0,"7,8","1,2","2,3","3,5","6,2",1,"0,4","26,6",0,"0,8",1,"0,4","35,6","0,6","13,6","0,2","0,8","3,4","25,4","17,8","0,2",-,-,"1275,3"
487,Goiana - PCD,fev./2024,-,-,-,-,-,-,-,-,-,-,-,-,-,-,-,-,-,-,-,-,-,-,-,-,-,-,-,-,-,-,-,"221,4"
100,Igarassu,fev./2024,0,1,0,0,0,0,0,0,"6,6",-,"0,7","6,5","2,2","0,3","12,6",60,"0,2",0,6,"2,5","0,8","11,6","2,2","2,6","0,8","2,4","31,8","55,5","0,4",-,-,1579
269,Igarassu (Bar.Catucá),fev./2024,"2,6",0,0,0,0,1,0,0,7,"3,5","2,1","0,4","18,8",0,"0,6","45,5","0,5",-,0,"1,1","0,8","8,9","1,2",0,"4,9",1,"1,1","56,9","11,2",-,-,"1254,1"
294,Igarassu (Usina São José),fev./2024,0,0,0,"4,3",0,"1,2",0,0,"0,7",0,0,"6,3",5,"0,5","2,1","35,6","1,5",0,0,0,"0,5","4,8",0,"1,6","1,6","0,3","3,9",101,"8,8",-,-,"1389,1"
387,Ipojuca,fev./2024,2,"3,5",0,0,0,0,"4,7",0,0,"0,4",0,"1,2","25,1","1,3","2,9","49,5","1,9","0,3",0,0,"32,6","15,3","0,1",0,"3,7","0,4","0,6","4,9",0,-,-,"1859,6"
602,Ipojuca (Suape) - PCD,fev./2024,5,"2,4",0,"2,8",0,0,0,"0,6",0,0,0,"9,6","7,8","1,2","6,8","60,2",0,0,"1,6",0,19,"4,8",0,0,"5,4","0,2",0,"8,4","1,4",-,-,"467,8"
524,Itamaracá,fev./2024,0,0,0,0,0,"3,3",0,0,"1,2",0,0,0,0,0,"2,7",57,0,0,0,0,0,"28,6","7,1","2,3","1,5","2,2",96,"11,7",0,-,-,"1558,8"
520,Itapissuma,fev./2024,0,0,0,0,"1,6","0,4",0,0,"3,7",0,0,0,0,0,"57,2","157,7",0,0,"0,6","1,4","8,2","9,4","8,7","4,2","6,3","12,9","7,7","198,2",0,-,-,"1723,9"
604,Jaboatão (Cidade da Copa) - PCD,fev./2024,"3,2","3,4",0,0,0,"0,4",0,0,"4,2",0,"6,4","2,6","5,6",1,"4,2","59,6",0,4,3,0,"10,4","3,6","9,8","0,2","1,8","1,2","13,4","53,8","2,8",-,-,"2019,2"
202,Jaboatão dos Guararapes,fev./2024,-,-,-,-,-,-,-,-,-,-,-,-,-,-,-,-,-,-,-,-,-,-,-,-,-,-,-,-,-,-,-,0
268,Jaboatão dos Guararapes (Bar.Duas Unas),fev./2024,0,"1,9",0,0,0,0,0,0,"2,8","5,2",0,0,"11,3",0,"1,5","62,2",0,"0,8","25,1","0,4","7,8","9,6","10,1","2,2","6,1","2,1","0,2","71,3","0,3",-,-,"1761,8"
205,Moreno,fev./2024,0,0,0,0,0,0,0,0,"2,7",0,0,0,"10,9",0,1,"56,5","0,7","0,7","21,4",0,"6,8",0,"10,1","2,1",1,"3,1","0,5","69,8","0,8",-,-,"1432,4"
199,Olinda,fev./2024,-,-,-,-,-,-,-,-,-,-,-,-,-,-,-,-,-,-,-,-,-,-,-,-,-,-,-,-,-,-,-,0
551,Olinda (Academia Santa Gertrudes),fev./2024,"1,9",0,0,0,0,0,0,0,"9,6",0,"1,3","2,8","0,7",0,"4,9",74,"0,4","0,6","1,3","1,3","21,1","9,7","8,5",0,"3,9","0,3","9,4",23,"1,6",-,-,"1456,7"
209,Olinda (Alto da Bondade),fev./2024,-,-,-,-,-,-,-,-,-,-,-,-,-,-,-,-,-,-,-,-,-,-,-,0,0,0,0,0,0,-,-,0
451,Paulista,fev./2024,"0,2",0,0,1,0,0,0,0,"2,6","6,5","4,5","3,7","8,5","6,1","1,2","66,5",0,"4,3",0,"2,4","19,6","27,3","14,8","9,1","3,4","1,4","26,2","31,9","1,4",-,-,"1747,4"
265,Recife (Alto da Brasileira),fev./2024,0,0,"2,7",0,0,0,0,0,"11,7",-,0,3,"3,6","1,2","2,7","70,2","2,2","4,3",0,0,"1,5","35,5","12,8",0,"7,1",0,"4,7","28,8","20,3",-,-,"1819,1"
196,Recife (Codecipe / Santo Amaro),fev./2024,"1,2","1,4",0,0,0,0,0,0,0,6,"4,4",3,"0,2","0,7",3,47,"0,2","1,8",0,"0,2",5,14,"2,3",0,"5,2",0,"2,1","43,2","26,5",-,-,"1511,9"
30,Recife (Várzea),fev./2024,-,-,-,-,-,-,-,-,-,-,-,-,-,-,-,-,-,-,-,-,-,-,-,-,-,-,-,-,-,-,-,0
267,São Lourenço da Mata (Tapacurá),fev./2024,"1,2","3,8",0,0,0,0,0,0,"2,3","1,4",0,"0,4","6,7",0,0,"51,4",0,"3,2",0,0,0,"2,1","5,2","3,1","1,1","3,2",0,"13,2","2,5",-,-,"1214,2"
198,Abreu e Lima,mar./2024,0,0,0,"5,9",0,0,0,"17,5",4,0,0,"18,8","1,3","1,3",90,"4,4","4,4","2,5",0,0,0,"2,4",0,"4,3","1,8",0,0,"9,2","5,2",21,0,"1873,8"
309,Araçoiaba (Granja Cristo Redentor),mar./2024,0,0,0,0,0,0,0,0,0,0,0,0,"9,7","8,6","8,7",0,"3,7",0,0,0,0,0,0,0,0,0,0,0,0,"13,7","55,1","1208,9"
301,Cabo,mar./2024,-,-,-,-,-,-,-,-,-,-,-,-,-,-,-,-,-,-,-,-,-,-,-,-,-,-,-,-,-,-,-,0
490,Cabo (Barragem de Gurjaú),mar./2024,0,0,0,5,0,"23,5","1,5",0,5,0,0,"1,7","1,1","9,4","8,5",0,"1,8","6,5","4,4",0,0,"1,5","7,8","1,6",0,"7,5","4,7","1,4","8,1","1,3","0,6","1813,5"
491,Cabo (Barragem de Suape),mar./2024,"1,9",0,0,0,0,"0,8",0,"1,5","2,9","0,7",0,"5,6","12,3",21,22,"2,5","11,2","6,2",10,0,0,0,"1,2",0,"1,4","4,2","4,1","8,5","4,3","3,6",0,"1764,8"
603,Cabo (Pirapama),mar./2024,0,"1,3",0,"0,5","0,9",13,"1,1","17,2","10,7","0,1","0,4","1,7","3,2",8,"23,1","3,3",0,17,"5,9",0,"0,1","0,1","17,6","3,3","3,1",10,"40,5","2,9","18,1","2,6","0,6","1927,2"
201,Camaragibe,mar./2024,"0,2",0,0,0,"0,2",0,"8,7","0,2",0,0,0,"12,3","13,8","3,4","42,1",0,0,"4,2",0,0,0,"5,8",0,0,"1,6","13,7","13,3",0,"6,5",6,0,"1620,3"
28,Goiana (Itapirema - IPA),mar./2024,0,0,0,0,"0,4","0,2","11,2","0,6","0,2","0,2",0,"5,4","9,6","4,2","15,2","11,4","3,4","1,6","0,2","0,2",0,0,0,"0,2",0,4,"0,2","3,4","13,2","5,2",0,"1275,3"
487,Goiana - PCD,mar./2024,-,-,-,-,-,-,-,-,-,-,-,-,-,-,-,-,-,-,-,-,-,-,-,-,-,-,-,-,-,-,-,"221,4"
100,Igarassu,mar./2024,0,0,0,"0,2",0,"1,1",18,"0,2",0,0,0,"5,2","0,7","1,7",33,"2,9","8,4","6,2",0,0,0,"13,7","2,2","4,4","2,4",0,3,"0,1",4,"3,6","4,5",1579
269,Igarassu (Bar.Catucá),mar./2024,"0,5",0,0,0,0,1,0,0,7,0,0,"0,8",0,13,"35,6","3,3",4,-,0,0,0,0,0,0,0,0,"8,4",4,"1,4","11,6",3,"1254,1"
294,Igarassu (Usina São José),mar./2024,0,0,0,0,0,1,37,"0,9","3,8",0,0,"4,1","6,7","5,5","27,3",6,4,"4,5",0,0,0,1,0,0,0,"0,5","2,3",0,5,4,"3,5","1389,1"
387,Ipojuca,mar./2024,0,0,0,0,"0,7",0,0,0,0,0,0,"1,4",0,"17,7","12,8",-,"8,5","15,8",0,0,0,0,0,"8,5","1,1","1,3","12,4","17,1","12,2","4,4",0,"1859,6"
602,Ipojuca (Suape) - PCD,mar./2024,"0,4",0,0,"0,4",0,0,0,0,"1,6","0,8",0,"3,2","0,4","42,2","0,2","21,6",24,"12,6",0,0,0,"0,6",0,"1,8","0,2",3,"0,6","21,4","7,2","2,2",0,"467,8"
524,Itamaracá,mar./2024,"38,3",0,0,"1,2","0,4",0,"0,4","0,8",0,0,0,"0,9","0,3","0,5","5,3",0,0,1,0,0,0,0,0,0,0,"3,5",0,"4,2",4,1,"5,2","1558,8"
520,Itapissuma,mar./2024,"3,7",0,0,"5,5","2,2",0,"11,3","0,8",0,0,0,"1,7","7,2","0,6","7,2",0,0,"2,2",0,0,0,"5,7",0,0,0,"2,4",0,"2,5",4,"1,5","3,2","1723,9"
604,Jaboatão (Cidade da Copa) - PCD,mar./2024,0,0,0,"2,4",0,"3,8","1,6","0,6","33,8",0,0,"3,6",7,"14,6","4,2","2,6","4,6","11,4",0,"0,6",0,"1,8",2,0,"0,4","3,6","3,6","3,4","3,6","2,2","0,8","2019,2"
202,Jaboatão dos Guararapes,mar./2024,-,-,-,-,-,-,-,-,-,-,-,-,-,-,-,-,-,-,-,-,-,-,-,-,-,-,-,-,-,-,-,0
268,Jaboatão dos Guararapes (Bar.Duas Unas),mar./2024,0,0,0,"3,7",0,"7,7","1,1","2,7","2,7","2,1",0,"0,3","0,3","22,4","4,4","0,2",0,"5,9","0,5",0,0,"6,3","5,8","0,6","0,6",0,"9,8","16,8","21,6",0,"0,3","1761,8"
205,Moreno,mar./2024,0,0,0,"1,2",0,0,"1,4","2,9","2,4","1,8",0,"2,4","1,7","12,4","4,1","0,6",0,"5,1",1,0,0,"5,9","5,1","0,8","0,5",0,"10,1",0,0,0,0,"1432,4"
199,Olinda,mar./2024,-,-,-,-,-,-,-,-,-,-,-,-,-,-,-,-,-,-,-,-,-,-,-,-,-,-,-,-,-,-,-,0
551,Olinda (Academia Santa Gertrudes),mar./2024,0,0,0,0,0,"1,9","2,7","5,1",0,0,0,"2,3","7,8","3,3","21,9","2,3","4,3",3,0,0,0,"9,1",0,"3,9","6,2","0,1","0,5","3,5","8,9","7,4","2,5","1456,7"
209,Olinda (Alto da Bondade),mar./2024,-,-,-,-,-,-,-,-,-,-,-,-,-,-,-,-,-,-,-,-,-,-,-,0,0,0,0,0,0,0,0,0
451,Paulista,mar./2024,0,0,0,0,1,"0,2","14,5","5,7",0,0,0,"3,9","4,1",29,"73,7","10,6","46,8","5,6","1,2",0,0,"5,2",0,"3,2",0,"0,2","0,2",0,"4,3","18,3",1,"1747,4"
265,Recife (Alto da Brasileira),mar./2024,0,0,0,0,0,"2,2","14,1","2,9",0,-,0,"5,1","3,9","2,5","44,2","1,6","5,9","10,3",0,0,0,0,0,0,"0,7","0,5","0,5","1,7","6,5",22,"0,5","1819,1"
196,Recife (Codecipe / Santo Amaro),mar./2024,0,0,0,0,0,"0,6","7,4",0,"4,5","0,2",0,"5,2","1,5",3,18,0,0,"1,1",0,0,0,"1,9","2,1","10,8","1,7","2,6","2,8",2,"2,7","9,4",2,"1511,9"
30,Recife (Várzea),mar./2024,-,-,-,-,-,-,-,-,-,-,-,-,-,-,-,-,-,-,-,-,-,-,-,-,-,-,-,-,-,-,-,0
267,São Lourenço da Mata (Tapacurá),mar./2024,0,0,0,0,0,"4,2","6,9","1,3","19,1",0,0,"20,1",0,"6,9","30,6",0,0,0,0,"3,5",0,0,"1,1",0,0,0,"3,5",0,"12,3","0,9",0,"1214,2"
198,Abreu e Lima,abr./2024,"0,6",0,"7,8",0,"54,5",0,0,0,0,"11,3","2,5",0,"3,5",0,"0,7","43,5",0,0,"1,9",0,"51,3",32,0,0,"2,2","11,2","1,4",0,120,"3,1",-,"1873,8"
309,Araçoiaba (Granja Cristo Redentor),abr./2024,0,0,0,0,0,0,0,0,0,"21,7","42,1",0,9,0,0,"2,6","12,4",0,0,"18,2",0,0,0,0,0,"10,7",0,"43,1",0,"59,2",-,"1208,9"
301,Cabo,abr./2024,-,-,-,-,-,-,-,-,-,-,-,-,-,-,-,-,-,-,-,-,-,-,-,-,-,-,-,-,-,-,-,0
490,Cabo (Barragem de Gurjaú),abr./2024,0,0,0,0,"71,2","2,3",0,"2,2",0,"14,2","0,8","5,9","1,7","4,3","2,5","85,9","3,3",0,"3,8","0,8","6,9","11,8",0,"5,9",0,"23,9","9,1","1,5","63,9","2,3",-,"1813,5"
491,Cabo (Barragem de Suape),abr./2024,"0,5",0,0,0,72,2,0,0,0,"18,2",0,"0,8","0,7","4,9","2,7",39,"4,7",0,0,"0,6","19,4","2,1","0,9",0,0,"17,3",0,0,"36,1",9,-,"1764,8"
603,Cabo (Pirapama),abr./2024,0,0,"0,1",0,"67,5","3,4",0,0,0,"3,5","1,2","0,8","0,3","8,7","7,7","54,3","3,6","0,3","0,1","2,1","6,1","1,3","5,2",0,0,"18,5","2,1","0,3","51,3","0,6",-,"1927,2"
201,Camaragibe,abr./2024,"0,6",0,"16,7",0,"22,5",0,0,"0,2",0,"2,9",1,"1,6",0,0,"2,8","13,8","21,4","0,3",0,"9,5","11,4",0,0,"2,5",0,"6,9","4,5","5,2","74,2","0,7",-,"1620,3"
28,Goiana (Itapirema - IPA),abr./2024,0,0,0,0,"1,2",0,0,"0,8",0,0,0,0,0,0,"1,5","5,2","4,5",0,0,"0,5",15,"1,5",0,"0,2","3,6","7,2",0,0,78,"9,2",-,"1275,3"
487,Goiana - PCD,abr./2024,-,-,-,-,-,-,-,-,-,-,-,-,-,-,-,-,-,-,-,-,-,-,-,-,-,-,-,-,-,-,-,"221,4"
100,Igarassu,abr./2024,0,0,"5,8","0,2","8,5",0,0,0,0,"7,5",0,"1,6",0,0,"1,5","9,9","29,9","17,2",0,0,"18,2","6,8",0,0,"7,6","5,3","13,1","4,2","83,7","1,5",-,1579
269,Igarassu (Bar.Catucá),abr./2024,0,0,0,0,"16,7",0,0,0,0,22,"6,2","1,1","2,1",0,0,15,"4,9",-,0,"0,1",22,"1,1",0,0,0,"5,8","2,7",0,"99,5","1,5",-,"1254,1"
294,Igarassu (Usina São José),abr./2024,0,0,11,0,0,0,0,0,0,68,25,5,0,"4,2",30,"5,6",0,0,0,19,2,0,0,0,"2,1",0,0,0,102,1,-,"1389,1"
387,Ipojuca,abr./2024,0,0,"7,2","1,4","59,6","1,8",0,"0,7",0,"56,5","1,1","2,8","0,3","12,9","16,7","62,8",2,0,"1,5","1,2","25,9","2,5",0,"12,6","3,1","22,9","2,5","1,3","45,1","0,7",-,"1859,6"
602,Ipojuca (Suape) - PCD,abr./2024,0,0,"15,2",-,"34,6","2,2","2,2",1,0,"7,2","1,4","2,2","1,8","1,6","1,6","1,8","2,2",2,"1,6","1,4","1,6","1,6","1,4",1,"0,6","0,4",-,-,-,-,-,"467,8"
524,Itamaracá,abr./2024,0,0,"5,7","4,5","6,9",0,0,"0,2",0,1,0,0,0,0,0,20,"3,5",0,0,0,"20,2","2,3",0,0,"7,4","15,2","1,4","1,8","94,5","6,4",-,"1558,8"
520,Itapissuma,abr./2024,0,0,0,0,"5,1",0,0,0,0,"0,6",0,0,0,0,0,"22,8","4,5",0,0,"0,2","18,5","1,5",0,0,"4,8","13,5",1,"1,5","89,5","5,5",-,"1723,9"
604,Jaboatão (Cidade da Copa) - PCD,abr./2024,"1,8","0,2","5,4",38,"15,2",0,0,"0,2",0,"35,6","0,8","12,8",0,"1,8","12,2",20,"7,8",0,0,4,58,0,0,"12,4",1,31,"0,4",0,"51,4","0,2",-,"2019,2"
202,Jaboatão dos Guararapes,abr./2024,-,-,-,-,-,-,-,-,-,-,-,-,-,-,-,-,-,-,-,-,-,-,-,-,-,-,-,-,-,-,-,0
268,Jaboatão dos Guararapes (Bar.Duas Unas),abr./2024,"7,3",0,0,0,"47,2",0,0,0,0,"15,2",0,"1,3",11,"1,2",0,"32,8","19,9",0,"1,8","0,9","6,9","6,2","0,3","2,7",0,"42,7","3,9",0,"49,3","5,5",-,"1761,8"
205,Moreno,abr./2024,"7,3",0,"0,4",0,"44,9",0,0,0,0,"16,9",0,0,"11,9","0,9",0,"31,2","18,5",0,0,"3,1","8,1","6,4","2,9",0,"3,1","3,5","4,1",0,"48,9","5,1",-,"1432,4"
199,Olinda,abr./2024,-,-,-,-,-,-,-,-,-,-,-,-,-,-,-,-,-,-,-,-,-,-,-,-,-,-,-,-,-,-,-,0
551,Olinda (Academia Santa Gertrudes),abr./2024,0,0,"0,6","0,2","97,1",0,0,0,0,"13,5",0,"3,5","7,4",20,"11,8",14,3,"1,1","0,2","2,4","46,9","2,1","0,2",0,"0,8","4,4",4,"13,5","27,2",3,-,"1456,7"
209,Olinda (Alto da Bondade),abr./2024,-,-,-,-,-,-,-,-,-,-,-,-,-,-,-,-,-,-,-,-,-,-,-,0,0,0,0,0,0,0,-,0
451,Paulista,abr./2024,0,0,"7,9","13,7","74,5",0,"0,4",0,0,"23,4","18,4",4,"1,8","4,3",3,12,"12,5",0,0,2,"18,7","5,5","1,2",0,"0,2","19,8",0,"23,6","87,4","6,5",-,"1747,4"
265,Recife (Alto da Brasileira),abr./2024,0,0,"25,1",0,"50,4",0,0,"0,3",0,-,0,"6,2",1,"5,7","26,4","19,7","8,5",0,"7,3","1,6","32,7",0,"1,8","3,8","10,2","8,6","6,1",0,"106,3","1,5",-,"1819,1"
196,Recife (Codecipe / Santo Amaro),abr./2024,0,0,"4,8",0,58,0,"1,8",0,0,"16,3",4,2,1,"5,4",14,"12,1",0,0,6,3,31,0,0,"1,9","5,1","7,5","1,6",0,50,0,-,"1511,9"
30,Recife (Várzea),abr./2024,-,-,-,-,-,-,-,-,-,-,-,-,-,-,-,-,-,-,-,-,-,-,-,-,-,-,-,-,-,-,-,0
267,São Lourenço da Mata (Tapacurá),abr./2024,0,0,0,0,"5,6",0,0,0,0,"23,1",0,"0,7",0,0,0,"60,2","9,8",0,0,0,"35,3",0,0,"0,6",0,"12,5",0,0,"45,2","6,7",-,"1214,2"
198,Abreu e Lima,mai./2024,0,0,0,"4,2",14,0,"59,2","12,1","1,7","0,6","2,7",0,0,0,0,0,0,"16,5","4,9","8,3",0,"7,5",5,"0,1",0,0,0,49,"17,6","19,5","0,4","1873,8"
309,Araçoiaba (Granja Cristo Redentor),mai./2024,0,0,0,"4,3","9,4",3,"10,5","5,8",0,0,0,0,0,0,"7,5",0,0,"18,6","1,2","12,3",0,0,0,0,0,0,0,"12,4",0,"21,4",0,"1208,9"
301,Cabo,mai./2024,-,-,-,-,-,-,-,-,-,-,-,-,-,-,-,-,-,-,-,-,-,-,-,-,-,-,-,-,-,-,-,0
490,Cabo (Barragem de Gurjaú),mai./2024,"0,2",0,"2,4",1,"9,2",0,"22,5","16,5","16,7",16,0,0,0,0,23,"39,7",0,"16,5","7,4","7,4","1,5",0,"6,5","3,6","2,5",0,0,"10,5","10,3","21,8","14,8","1813,5"
491,Cabo (Barragem de Suape),mai./2024,5,"12,9","1,9",0,"13,4","3,4","27,3","18,5","3,5",15,0,0,0,0,"2,7","17,5",0,"8,9","3,9","3,3","0,5",0,"1,4","3,2",2,"1,3",0,15,"73,4","23,5","8,7","1764,8"
603,Cabo (Pirapama),mai./2024,"1,6","7,8","2,3","6,5","21,5","2,8","21,3","18,2","3,2","22,5","0,5",0,0,0,"2,2","36,3",0,"8,9","8,5","10,2","0,2",0,"7,1","3,4","2,6","0,2",0,"8,8","10,2","28,4","18,3","1927,2"
201,Camaragibe,mai./2024,3,0,0,"5,4",2,1,"9,2","8,3","0,8","0,6","0,6",0,0,0,"4,2",0,0,10,"20,8",0,0,0,"28,1","4,7",6,0,0,"24,7","27,5","16,3","0,4","1620,3"
28,Goiana (Itapirema - IPA),mai./2024,"0,4",0,0,"4,6",3,3,"0,2",24,"4,4","3,2","0,2",0,0,0,3,"0,2",0,"47,2",11,"32,6","0,3",0,"5,2",1,"1,6",0,0,"22,2","21,9",14,"0,2","1275,3"
487,Goiana - PCD,mai./2024,-,-,-,-,-,-,-,-,-,-,-,-,-,-,-,-,-,-,-,-,-,-,-,-,-,-,-,-,-,-,-,"221,4"
100,Igarassu,mai./2024,0,"0,2",3,"8,3",9,"6,8","17,9","15,4","2,8","2,5",0,0,0,0,"4,8",0,0,20,"2,7",1,0,0,"1,9",4,"1,2",0,0,"26,7","19,4","11,5",4,1579
269,Igarassu (Bar.Catucá),mai./2024,0,0,"0,6",6,"9,3",1,0,"7,7","0,8",0,0,0,0,0,"4,7",0,0,-,3,9,0,0,"2,2","3,1",2,0,0,13,"8,3","14,1",2,"1254,1"
294,Igarassu (Usina São José),mai./2024,2,5,"4,5","4,5","6,1","6,8",3,"2,3",0,0,0,0,1,0,0,"13,5",0,"16,5",0,"3,4","1,3","1,3",6,0,0,"17,9","7,3",10,"2,3",0,1,"1389,1"
387,Ipojuca,mai./2024,"3,7","7,7","2,5","2,4",11,"2,8",39,5,"5,4","5,2","2,3",0,0,0,"12,1",13,0,"16,3","6,6","3,5","0,4","0,6","2,5","1,9",0,"5,1",0,"25,3","21,2","16,5","4,9","1859,6"
602,Ipojuca (Suape) - PCD,mai./2024,-,-,-,-,-,-,-,-,-,-,-,-,-,-,-,-,-,-,-,-,-,-,-,-,-,-,-,-,-,-,-,"467,8"
524,Itamaracá,mai./2024,"5,2",0,"0,5","3,4","16,5",0,"55,2","9,5","1,2","2,4","1,4",0,0,0,"2,4",0,0,"8,4","1,5",0,0,0,"7,3","2,2","6,4",0,0,"45,2","14,2","19,4","1,6","1558,8"
520,Itapissuma,mai./2024,"3,4",0,"0,8","4,5",17,0,"53,7","8,6","0,3","2,2","1,2",0,0,0,"1,8",0,0,"7,3","1,4",0,0,0,"6,4","1,5","5,9",0,0,"41,5","13,4","18,5","1,2","1723,9"
604,Jaboatão (Cidade da Copa) - PCD,mai./2024,"0,8",0,"4,6","10,6",2,"0,2",24,"9,2","4,6",1,"0,4",0,0,0,"8,2",1,0,12,"14,6","42,2","0,2","0,8","16,6","6,6","7,2",0,0,"23,4","26,4",26,"0,8","2019,2"
202,Jaboatão dos Guararapes,mai./2024,-,-,-,-,-,-,-,-,-,-,-,-,-,-,-,-,-,-,-,-,-,-,-,-,-,-,-,-,-,-,-,0
268,Jaboatão dos Guararapes (Bar.Duas Unas),mai./2024,0,0,0,"3,2","5,7",0,"14,6","11,1","9,5","5,6","0,1",0,0,0,"13,9","9,9",0,"7,4","5,7","36,9",1,0,"3,5","6,1","6,1",0,0,"6,1",22,"18,1","8,1","1761,8"
205,Moreno,mai./2024,0,0,"3,9",0,"4,9",0,"14,1","10,9",9,"4,8",0,0,0,0,"13,1","10,7",0,"7,1","4,9","35,9","1,2",0,"3,1","6,4","5,9",0,0,"5,9","22,1",-,-,"1432,4"
199,Olinda,mai./2024,-,-,-,-,-,-,-,-,-,-,-,-,-,-,-,-,-,-,-,-,-,-,-,-,-,-,-,-,-,-,-,0
551,Olinda (Academia Santa Gertrudes),mai./2024,0,0,0,0,0,"6,9","46,8","17,3","0,7","2,2",0,0,0,0,0,0,"0,8","40,7",15,5,0,"0,3","0,8","0,2",0,0,"2,8","76,4","10,1",26,"1,8","1456,7"
209,Olinda (Alto da Bondade),mai./2024,-,-,-,-,-,-,-,-,-,-,-,-,-,-,-,-,-,-,-,-,-,-,-,0,0,0,0,0,0,0,0,0
451,Paulista,mai./2024,"0,8",0,0,"5,9","6,7","0,4","60,3",10,2,"0,4",0,0,0,0,"1,4",0,0,"21,1","13,4",0,0,"3,2","2,6","3,1","9,1",0,0,"68,1","12,6","10,7","0,2","1747,4"
265,Recife (Alto da Brasileira),mai./2024,"1,5","3,1","0,4",8,"8,3","1,5","24,3","27,3","0,4",0,"0,6",0,0,0,"4,5","3,4",0,24,"4,2","8,7","3,1",0,0,"2,7","3,1",0,0,"16,5","13,7","17,1","2,1","1819,1"
196,Recife (Codecipe / Santo Amaro),mai./2024,0,0,0,"0,3","5,7",0,43,25,"0,4",0,0,0,0,0,"4,1",0,0,50,"14,8",27,0,0,0,0,3,0,"0,6","43,4","35,2",14,2,"1511,9"
30,Recife (Várzea),mai./2024,-,-,-,-,-,-,-,-,-,-,-,-,-,-,-,-,-,-,-,-,-,-,-,-,-,-,-,-,-,-,-,0
267,São Lourenço da Mata (Tapacurá),mai./2024,0,0,"0,5","4,2","4,2",0,"17,1","9,7","5,2","2,1",0,0,0,0,"9,7","4,2",0,"7,3","0,4","0,5",0,0,"2,1","4,1","2,6","0,2",0,"1,9","8,5","7,9","20,2","1214,2"
198,Abreu e Lima,jun./2024,0,"11,2",9,"43,1","3,3","8,2","16,7","13,5",18,"4,5",3,"2,7","2,8","4,5",84,"38,1",11,"0,5",20,"23,5","24,6",8,"13,5","0,6","20,5","25,1","0,5",0,0,0,-,"1873,8"
309,Araçoiaba (Granja Cristo Redentor),jun./2024,0,0,"15,7",0,"2,5","2,8","8,3","3,5","5,1","4,5",0,0,"4,2","5,3","80,4","68,8",0,0,"14,3","15,7","9,4","4,3","14,1",0,"7,4","4,9",0,0,0,0,-,"1208,9"
301,Cabo,jun./2024,-,-,-,0,-,-,-,-,-,-,-,-,-,-,-,-,-,-,-,-,-,-,-,-,-,-,-,-,-,-,-,0
490,Cabo (Barragem de Gurjaú),jun./2024,"0,3","6,7","13,7","80,6","20,5","18,8","20,7","4,6","17,1","2,3","2,5","3,2",0,"12,5","108,4","32,7","0,4","0,5","13,6","9,1","9,4","19,2","35,2","9,4","23,5",6,"0,4",0,0,0,-,"1813,5"
491,Cabo (Barragem de Suape),jun./2024,1,"5,2",23,"60,1","36,6","21,6",38,"10,8","39,6","3,1","4,5","5,6","1,2","1,5",92,"61,6",0,"1,3","22,1","12,8",11,"18,3","37,3","13,5","28,5","6,4","0,6",0,0,0,-,"1764,8"
603,Cabo (Pirapama),jun./2024,1,"4,4","9,2","35,2","37,2","36,2","36,6","2,8","36,1","6,2","4,5",4,"1,9","8,9",111,"51,8","6,9","0,1","6,6","6,6",12,"11,4","46,6","13,4","20,8","4,8",0,0,"0,1",0,-,"1927,2"
201,Camaragibe,jun./2024,11,13,"10,4","67,1","11,8","22,7","19,1","22,5","9,4","5,5","26,5","2,6","5,7","16,8","113,5",42,"13,9","1,3","15,1","8,3","21,5","18,9","8,4","2,6","10,4","8,7","0,7",0,0,0,-,"1620,3"
28,Goiana (Itapirema - IPA),jun./2024,0,"0,2","7,8","31,6","6,4",13,"16,4",0,36,"3,6","0,6","1,2","0,6","13,4","54,8","35,2","0,6","17,4","17,4","15,6","8,4","1,2","23,8",6,"0,2",0,0,"0,2",0,0,-,"1275,3"
487,Goiana - PCD,jun./2024,"0,4","4,8","4,8","31,4","7,6","2,8",1,"1,2","1,2","1,6",0,-,-,-,-,-,-,-,-,"12,4","7,6","1,2","21,6","1,8","0,8","1,4","0,4",0,0,0,-,"221,4"
100,Igarassu,jun./2024,0,"10,7","4,3","64,6","0,5","0,7","14,1",38,46,"4,1","0,2","7,3","1,8","3,3",87,31,"0,2","0,3",4,"23,5",8,"9,8","10,9","3,2","3,8",3,"0,1",0,0,0,-,1579
269,Igarassu (Bar.Catucá),jun./2024,0,"1,8","2,5","30,3",9,"10,2",0,"2,3",16,6,"2,5","0,6",0,"4,5",65,58,3,-,"5,8",21,14,"5,1","8,1","18,2","0,8",7,0,0,0,0,-,"1254,1"
294,Igarassu (Usina São José),jun./2024,0,"2,8",32,0,7,"3,7",9,"17,1",3,1,0,0,"5,4",73,35,"1,3","1,4","5,3",22,"9,3","3,1","23,5",9,"1,7","4,3",0,0,0,0,0,-,"1389,1"
387,Ipojuca,jun./2024,"2,7","2,1","16,3",40,"24,2","19,2","36,2","23,7","14,5","0,5","3,9","1,7","5,4","6,1","99,3","53,9",1,"1,2","22,7","18,9","5,1",10,"34,4","5,3",26,"2,9","0,4",0,0,0,-,"1859,6"
602,Ipojuca (Suape) - PCD,jun./2024,-,-,-,0,-,-,-,-,-,-,-,-,-,-,-,-,-,-,-,-,-,-,-,-,-,-,-,-,-,-,-,"467,8"
524,Itamaracá,jun./2024,0,"5,4","6,5","38,2","6,8",10,"12,3","7,5",18,"6,5","2,4",0,"1,2","6,5",90,55,20,0,"7,8","14,5",20,"16,3",2,4,"4,5","15,4",0,0,0,0,-,"1558,8"
520,Itapissuma,jun./2024,"0,3","5,2","6,4","36,9","6,5","9,5","9,2",7,"19,2","5,5","2,5",0,"1,1","5,3",89,58,30,0,"8,6",12,22,18,"3,2","4,1","3,8",16,0,0,0,0,-,"1723,9"
604,Jaboatão (Cidade da Copa) - PCD,jun./2024,"0,4","40,4","20,6",92,"5,8",30,"17,2","30,8","18,4","4,8","1,8","1,8","3,6","43,2","115,6","27,8","3,6","5,2",27,"12,4","27,8",11,"24,8",5,"28,6","3,4","0,8",0,0,0,-,"2019,2"
202,Jaboatão dos Guararapes,jun./2024,-,-,-,0,-,-,-,-,-,-,-,-,-,-,-,-,-,-,-,-,-,-,-,-,-,-,-,-,-,-,-,0
268,Jaboatão dos Guararapes (Bar.Duas Unas),jun./2024,"1,3","20,9","7,1",59,"19,6","9,3","25,1","18,9","26,4","4,9","2,9","5,1","0,7","29,5","110,2","43,4","0,5","0,7","19,3","13,8","12,4","14,4","12,8","4,5","5,2","11,4",0,0,0,0,-,"1761,8"
205,Moreno,jun./2024,"1,9","20,1","7,2",0,"19,2","9,7","24,9","18,1","26,1","4,7","4,1","5,2","0,9","29,1","109,4","10,1","0,4","0,7","19,1","13,2","13,8","13,1","11,2","6,1","3,1","11,1","2,3",0,0,0,-,"1432,4"
199,Olinda,jun./2024,-,-,-,0,-,-,-,-,-,-,-,-,-,-,-,-,-,-,-,-,-,-,-,-,-,-,-,-,-,-,-,0
551,Olinda (Academia Santa Gertrudes),jun./2024,0,20,"4,8","42,6","8,6",6,"1,6",21,13,"4,7","4,5","5,2","3,2","18,7","90,5","20,1","0,1",0,"26,2","9,1","15,2","3,7","6,7","2,7","22,6","8,4","0,6",0,0,0,-,"1456,7"
209,Olinda (Alto da Bondade),jun./2024,-,-,-,0,-,-,-,-,-,-,-,-,-,-,-,-,-,-,-,-,-,-,-,0,0,0,0,0,0,0,-,0
451,Paulista,jun./2024,0,"8,5","16,8",0,"2,4","4,3","16,3","43,2","16,9","4,2","2,8",1,"2,2","5,3","61,6",28,"8,3","0,2","24,6","14,2",17,"3,8","11,6",0,"13,1","10,1",0,0,0,0,-,"1747,4"
265,Recife (Alto da Brasileira),jun./2024,"0,5","17,5","3,8",65,"9,7","4,7","16,2","29,1","13,5","15,8","2,2","4,5","6,2","6,5",103,"88,2","0,2",0,"10,4","29,7","19,2","9,3","6,2","10,7","12,1","4,7","0,9",0,0,0,-,"1819,1"
196,Recife (Codecipe / Santo Amaro),jun./2024,0,"17,6","8,6","73,2","13,7","6,2","23,6",41,"9,2","1,2","3,2","6,4","7,2","10,8",122,66,"0,6",0,22,7,7,"1,2",2,"7,4","23,5",4,0,0,0,0,-,"1511,9"
30,Recife (Várzea),jun./2024,-,-,-,0,-,-,-,-,-,-,-,-,-,-,-,-,-,-,-,-,-,-,-,-,-,-,-,-,-,-,-,0
267,São Lourenço da Mata (Tapacurá),jun./2024,0,"9,2","8,1","34,4","1,6","2,4","14,7","9,3","6,3","8,6","1,8","1,1","3,7","40,1","93,8","35,1","4,9",0,"4,8","9,5","9,9","8,6","20,2",0,"4,3","4,1",0,0,0,0,-,"1214,2"
198,Abreu e Lima,jul./2024,0,0,"6,8","2,3","1,5","10,9","21,2","1,4","0,2","12,1",0,"33,5","16,3","2,4",0,"0,3","0,1","2,3","0,9",0,6,"3,2",0,-,"0,2",0,0,"7,7","2,3","2,7",0,"1873,8"
309,Araçoiaba (Granja Cristo Redentor),jul./2024,0,0,0,0,"9,8","10,1","23,2",0,0,"8,9","4,2","28,9",0,0,0,0,0,0,0,0,0,0,0,0,0,0,0,0,0,0,0,"1208,9"
301,Cabo,jul./2024,-,-,-,-,-,-,-,-,-,-,-,-,-,-,-,-,-,-,-,-,-,-,-,-,-,-,-,-,-,-,-,0
490,Cabo (Barragem de Gurjaú),jul./2024,0,0,"4,8","5,4",4,"15,2","17,7","1,9","2,2","28,5",0,"23,3","10,2","3,6","1,5",0,"4,9","2,3","2,7",0,"27,3","1,9","0,7","5,9","1,4","0,5",0,"3,5","0,8","0,6",0,"1813,5"
491,Cabo (Barragem de Suape),jul./2024,"1,8",0,5,"2,4","2,6","30,9","29,6","0,7","5,1","17,4",0,16,"6,3",3,0,"1,3","1,4",1,"5,8",0,"17,1","3,1",0,"3,8","1,2","2,1","0,7","6,7","0,7",0,0,"1764,8"
603,Cabo (Pirapama),jul./2024,0,0,5,"5,5","2,6","12,6","24,1","0,5","6,6",47,"0,2","28,5","13,3","3,8",0,"1,9",3,"1,7","5,8","0,8","18,1","2,2","0,1","6,9","1,5","0,6","1,5","0,3","0,4","0,1","0,2","1927,2"
201,Camaragibe,jul./2024,0,0,"3,6","2,5",0,"17,7","34,1","0,6",3,"6,8","0,5",30,0,"4,3",0,"0,3","0,2","2,1","1,2",1,"6,8","2,5",0,"1,6","2,2",0,0,"3,1",0,2,0,"1620,3"
28,Goiana (Itapirema - IPA),jul./2024,0,"0,4",7,1,"0,2","6,2","8,6","0,8",0,"1,8","3,8","31,2","8,6","3,6","0,2","3,8","2,4",8,"0,2","0,2","5,4","0,8","0,2","0,6","2,8","2,4","0,6","6,2","1,2",3,0,"1275,3"
487,Goiana - PCD,jul./2024,0,"9,4","9,6","1,4",1,"5,8","3,8",0,0,-,-,-,-,-,-,-,-,-,-,"0,8",13,"12,4",0,"3,8",11,"0,6","2,6","7,8","2,6","0,8",0,"221,4"
100,Igarassu,jul./2024,0,0,"3,9","9,6",3,"12,3","11,6","1,7",3,"10,1","0,2",43,4,"3,9",1,0,1,0,0,0,0,"16,1",0,0,6,"3,3","0,3","0,4",0,"0,4",0,1579
269,Igarassu (Bar.Catucá),jul./2024,0,0,"3,3",1,1,13,0,"1,4","0,4","15,8",0,30,8,"1,3","0,9",0,0,-,"0,4",0,6,0,0,"1,7",2,0,0,"1,8",0,"1,4",0,"1254,1"
294,Igarassu (Usina São José),jul./2024,0,0,4,"0,7","1,1",11,19,"2,8","0,7","6,8","0,5","27,5",12,"1,3","0,5",0,"0,1","2,4",0,0,3,9,0,"3,5","1,2",0,0,1,"0,9","0,1",0,"1389,1"
387,Ipojuca,jul./2024,"1,2","0,2",17,"0,9","4,1","19,9","43,7","0,9","4,3","34,7","0,8","21,3","37,1","2,7",0,"1,2","8,7","0,8","0,5","4,5","15,5",1,2,"3,3","0,5","8,6","0,9","5,2",0,"0,7","1,1","1859,6"
602,Ipojuca (Suape) - PCD,jul./2024,-,-,-,-,-,-,-,-,-,-,-,-,-,-,-,-,-,-,-,-,-,-,-,-,-,-,-,-,-,-,-,"467,8"
524,Itamaracá,jul./2024,0,"0,8","3,2","3,5","1,5",20,26,"3,5","5,5","9,8",0,38,20,"1,8",0,0,0,"1,5",2,0,6,"2,5",0,"3,4","1,5",0,0,"3,5",0,"1,5",0,"1558,8"
520,Itapissuma,jul./2024,0,"0,5","2,5","4,1","1,2",17,25,2,"4,8","6,8",0,37,"17,5","1,5",0,0,0,"1,3","1,5",0,"5,4","1,8",0,"3,2","1,4",0,0,"3,2",0,"1,2",0,"1723,9"
604,Jaboatão (Cidade da Copa) - PCD,jul./2024,0,2,9,"1,6",1,"17,8",38,"0,6",4,3,6,"19,6","5,2","1,6","0,8","1,2","4,2",1,3,"1,4",16,"1,8","0,8","1,2","0,8","1,8","0,6","3,4","1,8","0,8","0,2","2019,2"
202,Jaboatão dos Guararapes,jul./2024,-,-,-,-,-,-,-,-,-,-,-,-,-,-,-,-,-,-,-,-,-,-,-,-,-,-,-,-,-,-,-,0
268,Jaboatão dos Guararapes (Bar.Duas Unas),jul./2024,0,0,"7,5","2,2","2,3","13,2","35,5","5,4","1,3",20,"2,1","18,6","3,6","1,4","0,7",0,"4,4","1,5","3,1","2,3","15,3","1,2","0,2","1,5","1,8",3,0,"3,1","0,6","0,7",0,"1761,8"
205,Moreno,jul./2024,0,0,"6,9","2,1","3,9","12,9","35,1","12,9","1,1","20,1","1,9","18,3","4,1","1,5","0,9",0,0,"1,4","3,3","2,7","15,1","1,9","1,9","2,1","0,7","3,2",0,"3,7","0,8",0,0,"1432,4"
199,Olinda,jul./2024,-,-,-,-,-,-,-,-,-,-,-,-,-,-,-,-,-,-,-,-,-,-,-,-,-,-,-,-,-,-,-,0
551,Olinda (Academia Santa Gertrudes),jul./2024,0,2,"0,7","0,3",1,12,9,3,7,"21,8","0,4",21,0,0,0,"1,6","2,7","0,2",0,0,"6,5",1,0,1,"1,4","0,5",0,3,"0,7",0,0,"1456,7"
209,Olinda (Alto da Bondade),jul./2024,-,-,-,0,-,-,-,-,-,-,-,-,-,-,-,-,-,-,-,-,-,-,-,0,0,0,0,0,0,0,0,0
451,Paulista,jul./2024,0,1,"4,4","0,8","1,4","18,1","16,2","2,2","16,4","14,8",3,25,2,"0,4",0,"0,6",0,0,"0,2","0,4","6,3","4,3",0,"3,7","1,8","0,4",0,1,0,"1,8",0,"1747,4"
265,Recife (Alto da Brasileira),jul./2024,0,0,"5,6","5,4","1,4","19,8","16,2","10,2","0,5","13,7",1,"24,1","12,7","1,5",0,"1,7","0,3","4,3","0,8",0,"5,8","2,9",0,"1,3","2,3","0,6",0,"6,3",0,"2,1",0,"1819,1"
196,Recife (Codecipe / Santo Amaro),jul./2024,0,"0,8","7,8","0,5","2,2",22,"8,6",0,"4,2","7,4","2,2","16,5","2,2",1,0,"1,2",0,"4,8",0,"1,4","9,1",0,"0,6","1,1","2,2",0,"1,6","0,4",0,"0,1",0,"1511,9"
30,Recife (Várzea),jul./2024,-,-,-,-,-,-,-,-,-,-,-,-,-,-,-,-,-,-,-,-,-,-,-,-,-,-,-,-,-,-,-,0
267,São Lourenço da Mata (Tapacurá),jul./2024,0,0,"0,9","1,2","1,3","18,9","34,8","4,7",0,"4,2","1,4","17,3","6,8","1,1",0,0,"1,5","1,9","0,8",0,"14,4","0,7",0,"4,1",0,"2,3",0,"0,7",0,0,0,"1214,2"
198,Abreu e Lima,ago./2024,0,"1,3",5,"2,5","8,9","1,1",0,0,"1,9",0,0,0,0,0,"1,1",1,"1,6",2,"2,1",12,"0,8",0,0,0,0,0,0,"2,5","2,5","0,1","0,2","1873,8"
309,Araçoiaba (Granja Cristo Redentor),ago./2024,0,0,0,0,0,0,0,0,0,0,0,0,0,0,0,0,0,0,0,0,0,0,0,0,0,"5,2","2,3","1,2",0,0,0,"1208,9"
301,Cabo,ago./2024,-,-,-,-,-,-,-,-,-,-,-,-,-,-,-,-,-,-,-,-,-,-,-,-,-,-,-,-,-,-,-,0
490,Cabo (Barragem de Gurjaú),ago./2024,0,"0,1","5,6","6,7","12,4",0,0,0,"4,7",0,0,0,0,0,0,"1,3",0,"2,4","8,1","2,2","2,9",0,0,0,0,0,0,"5,7","3,8","1,2","6,4","1813,5"
491,Cabo (Barragem de Suape),ago./2024,0,0,"2,8","4,5","14,1",0,"0,6",0,"3,9",0,0,0,0,0,"2,7","3,7",0,"2,6","9,3","4,6","0,5",0,0,0,0,0,0,"3,3","2,1",0,0,"1764,8"
603,Cabo (Pirapama),ago./2024,0,"0,4","5,8","0,1","37,8","0,8","2,2","0,2",4,"0,1",0,0,0,0,0,0,"0,3","0,3","6,7","2,4","1,4","0,1","0,2",0,0,0,"0,2","9,4","3,1","0,2","3,8","1927,2"
201,Camaragibe,ago./2024,0,0,"4,5","5,7","7,8",0,0,0,0,0,"1,5",0,0,0,0,0,0,"0,4","6,5","1,9",1,0,0,"1,5",0,0,0,2,"1,3",0,0,"1620,3"
28,Goiana (Itapirema - IPA),ago./2024,0,0,"3,6",3,"0,6",0,0,0,"2,8",0,0,"0,2","0,2",0,0,0,"1,6",0,"1,6","2,6",1,"0,2",1,"0,4",0,0,0,"0,8",0,"1,4",0,"1275,3"
487,Goiana - PCD,ago./2024,-,-,-,-,-,-,-,-,-,-,-,-,-,-,-,-,-,-,-,-,-,-,-,-,-,-,-,-,-,-,-,"221,4"
100,Igarassu,ago./2024,0,"1,1","2,5","7,7","9,6","0,1",0,0,"6,9",0,0,0,0,0,"2,1","4,3",0,3,"3,8","4,1","4,1",0,0,"2,7",0,0,0,"1,2",0,0,-,1579
269,Igarassu (Bar.Catucá),ago./2024,0,0,3,9,4,0,0,0,"1,7",0,0,0,0,0,0,"4,3",0,-,"4,3","6,5",1,0,0,"1,2",0,0,0,1,"2,6",1,"1,5","1254,1"
294,Igarassu (Usina São José),ago./2024,1,2,"2,5","3,5","5,8","0,2","0,5",0,4,0,0,0,0,0,0,6,0,0,5,5,0,0,0,0,0,0,0,0,"1,3",0,0,"1389,1"
387,Ipojuca,ago./2024,0,0,"1,4","7,2","5,5","0,3","3,5",0,"2,5",0,0,0,0,0,"0,9","0,7",0,"7,1","13,9",2,"3,9","0,7",0,"1,5",0,0,"0,3","19,3","3,1",0,2,"1859,6"
602,Ipojuca (Suape) - PCD,ago./2024,-,-,-,-,-,-,-,-,-,-,-,-,-,-,-,-,-,-,-,-,-,-,-,-,-,-,-,-,-,-,-,"467,8"
524,Itamaracá,ago./2024,"2,4",1,"0,5","4,5","9,6","1,8",0,0,0,0,0,"0,5",0,0,0,0,0,"0,6","1,7",3,"0,7",0,0,"0,6",0,0,0,"1,2","1,6","0,4",0,"1558,8"
520,Itapissuma,ago./2024,"2,1","0,9","1,2",5,"8,5","2,2",0,0,0,0,0,"0,7",0,0,0,0,0,"0,5",1,"2,5","0,4",0,0,0,0,0,0,1,"1,4","0,7",0,"1723,9"
604,Jaboatão (Cidade da Copa) - PCD,ago./2024,"0,4","0,6","2,8","5,4",9,1,"0,2","1,6","2,2","0,6","0,2","0,6",0,"0,6",2,0,0,"0,6",12,"1,2",3,0,0,3,0,"0,2","1,8","4,6",1,"0,6","2,2","2019,2"
202,Jaboatão dos Guararapes,ago./2024,-,-,-,-,-,-,-,-,-,-,-,-,-,-,-,-,-,-,-,-,-,-,-,-,-,-,-,-,-,-,-,0
268,Jaboatão dos Guararapes (Bar.Duas Unas),ago./2024,0,1,"1,4","5,8","16,1",0,"0,6",0,3,0,0,0,0,0,"0,2","0,3",0,"0,6","7,4","3,7","1,5","0,3",0,"0,9",0,0,0,"2,5","3,2",0,7,"1761,8"
205,Moreno,ago./2024,0,1,"1,9","5,1","15,9",0,"0,5",0,"2,7",0,0,0,0,0,0,0,0,0,0,0,0,0,0,0,0,0,0,10,5,3,2,"1432,4"
199,Olinda,ago./2024,-,-,-,-,-,-,-,-,-,-,-,-,-,-,-,-,-,-,-,-,-,-,-,-,-,-,-,-,-,-,-,0
551,Olinda (Academia Santa Gertrudes),ago./2024,0,"1,1",2,"3,3","6,8",0,"0,7",0,0,"2,7",0,0,0,0,3,"6,1",0,0,"5,9",5,"0,5",0,0,0,0,0,0,"1,8","2,3",0,"0,5","1456,7"
209,Olinda (Alto da Bondade),ago./2024,-,-,-,0,-,-,-,-,-,-,-,-,-,-,-,-,-,-,-,-,-,-,-,0,0,0,0,0,0,0,0,0
451,Paulista,ago./2024,0,"1,2","2,4","4,4","7,7",0,0,"1,2","1,6",0,0,0,0,0,1,"0,8",0,"0,6","4,4","2,6","0,2",0,0,0,0,0,0,"6,5",0,0,2,"1747,4"
265,Recife (Alto da Brasileira),ago./2024,0,0,"2,8","12,1","16,3",4,"3,8",0,"6,3",0,0,0,0,0,0,"0,9",0,"1,9","7,1","4,3","0,5",0,0,0,0,0,0,"4,2","1,3","0,4","1,6","1819,1"
196,Recife (Codecipe / Santo Amaro),ago./2024,0,0,"0,1","6,5","6,4",0,0,0,"7,2",0,0,0,0,0,0,"0,5",0,2,11,"2,8","0,1",0,0,0,0,0,0,"2,8","0,6",0,-,"1511,9"
30,Recife (Várzea),ago./2024,-,-,-,-,-,-,-,-,-,-,-,-,-,-,-,-,-,-,-,-,-,-,-,-,-,-,-,-,-,-,-,0
267,São Lourenço da Mata (Tapacurá),ago./2024,0,0,"1,8","2,7","5,1",0,0,0,"0,9",0,0,0,0,0,0,0,0,"1,9","2,6",0,"5,9",0,0,0,0,0,0,"3,6","1,7","0,6","0,4","1214,2"
198,Abreu e Lima,set./2024,0,0,"0,2",0,"1,8",0,13,13,"0,4",0,0,9,"5,4","0,7",0,0,0,0,0,0,0,"4,5","2,5",0,0,"0,8","0,3",0,0,"7,4",-,"1873,8"
309,Araçoiaba (Granja Cristo Redentor),set./2024,0,0,0,0,0,0,"10,2","7,1",0,0,"6,3","5,4",0,0,"7,6",0,0,0,0,0,"6,3","4,2",0,0,0,0,0,0,0,0,-,"1208,9"
301,Cabo,set./2024,-,-,-,-,-,-,-,-,-,-,-,-,-,-,-,-,-,-,-,-,-,-,-,-,-,-,-,-,-,-,-,0
490,Cabo (Barragem de Gurjaú),set./2024,"0,2","3,5",0,"0,7","0,7",0,0,6,"4,7","0,3",0,"3,6",8,"3,5","4,3","0,9",0,"0,5","6,4",0,0,6,"1,8",0,0,0,4,"0,8","0,6","2,3",-,"1813,5"
491,Cabo (Barragem de Suape),set./2024,0,"1,4",0,0,0,0,0,0,0,0,"1,1","3,6","1,1",0,0,0,0,0,"1,1",0,0,"4,9",7,0,0,0,"2,4","1,5",0,0,-,"1764,8"
603,Cabo (Pirapama),set./2024,"0,6","8,5","0,1","0,2",0,"0,1","0,4","2,8","2,8","0,1",0,"2,9","10,4",3,"6,7","0,2",0,"0,1",1,"1,7",0,"4,1","4,2","0,1",0,"0,7","4,3",1,0,0,-,"1927,2"
201,Camaragibe,set./2024,0,2,0,0,0,0,0,16,0,0,"0,8","12,5","2,5","2,5",4,0,"0,3",0,1,0,0,"2,4",0,0,0,0,"1,2",0,0,4,-,"1620,3"
28,Goiana (Itapirema - IPA),set./2024,"0,6","1,4","0,6",0,0,0,0,13,"0,2","4,8",0,"6,2","0,2","4,8","2,2","0,2",0,0,"0,8","0,2","7,6","7,6",0,0,0,0,3,"2,2","0,2",2,-,"1275,3"
487,Goiana - PCD,set./2024,-,-,-,-,-,-,-,-,-,-,-,-,-,-,-,-,-,-,"3,8","0,2",0,"7,8",0,0,0,"0,4",4,0,0,"3,8",-,"221,4"
100,Igarassu,set./2024,0,0,0,0,0,0,0,"21,8","10,3",0,0,"11,3","1,5","4,9",0,"0,6",0,0,0,0,0,"3,3","0,7",0,0,"2,3",1,"0,9",0,"1,2",-,1579
269,Igarassu (Bar.Catucá),set./2024,0,1,"1,5",0,0,0,0,"20,9","1,9",0,0,"7,2",3,"2,2",0,"0,5",0,-,1,0,0,3,1,"0,3",0,0,"0,7",0,0,"1,1",-,"1254,1"
294,Igarassu (Usina São José),set./2024,0,0,0,0,0,0,0,"21,5","3,7",0,"1,5",7,3,"0,5","0,6",0,0,0,"2,5",0,0,3,"1,3",0,0,0,0,0,0,"6,5",-,"1389,1"
387,Ipojuca,set./2024,"0,4",1,0,0,0,0,0,0,"1,3",0,"1,7",3,"4,5","0,6","2,9",0,0,0,0,0,0,"7,7","0,5",0,0,"0,5","3,2",0,0,"1,2",-,"1859,6"
602,Ipojuca (Suape) - PCD,set./2024,-,-,-,-,-,-,-,-,-,-,-,-,-,-,-,-,-,-,-,-,-,-,-,-,-,-,-,-,-,-,-,"467,8"
524,Itamaracá,set./2024,"2,5","0,4",0,0,0,0,0,15,2,0,0,9,"2,2","1,2","1,5",0,0,0,3,0,0,"6,2","3,5",0,0,0,"2,4",0,0,"2,4",-,"1558,8"
520,Itapissuma,set./2024,"2,4","0,6",0,0,0,0,0,"12,6","1,5",0,0,"8,1","1,8","1,3",1,0,0,0,"2,4",0,0,"4,5","3,8",0,0,0,"1,9",0,0,"2,5",-,"1723,9"
604,Jaboatão (Cidade da Copa) - PCD,set./2024,"0,6","2,2","0,8","0,4",0,0,0,22,"8,4",2,"2,6","11,4","12,4","0,8","1,6",0,"2,6","1,4","4,2","0,8","0,4","17,6",0,0,0,0,"0,8",0,0,"2,4",-,"2019,2"
202,Jaboatão dos Guararapes,set./2024,-,-,-,-,-,-,-,-,-,-,-,-,-,-,-,-,-,-,-,-,-,-,-,-,-,-,-,0,-,-,-,0
268,Jaboatão dos Guararapes (Bar.Duas Unas),set./2024,0,"1,2",0,"0,8",0,0,0,5,"4,6",0,0,"12,9","3,5","0,5",2,0,0,0,"1,5",0,0,"8,1","6,8","2,7",0,"0,8","1,6","0,6",0,"1,4",-,"1761,8"
205,Moreno,set./2024,1,0,3,0,2,0,0,40,0,2,0,0,0,3,"4,2",0,0,0,2,"1,3",0,1,0,0,0,0,0,0,0,0,-,"1432,4"
199,Olinda,set./2024,-,-,-,-,-,-,-,-,-,-,-,-,-,-,-,-,-,-,-,-,-,-,-,-,-,-,-,-,-,-,-,0
551,Olinda (Academia Santa Gertrudes),set./2024,0,"0,5","0,4",0,0,0,0,30,"2,4",0,0,5,"2,2","4,5","1,9",0,0,"0,6",0,0,0,"4,5","0,5",0,0,"1,6","0,2",0,0,"0,9",-,"1456,7"
209,Olinda (Alto da Bondade),set./2024,-,-,-,-,-,-,-,-,-,-,-,-,-,-,-,-,-,-,-,-,-,-,-,-,-,-,-,-,-,-,-,0
451,Paulista,set./2024,0,0,"0,6",0,0,0,0,"13,4",0,0,"3,1","8,9",3,"1,2","0,6","0,4",0,0,0,0,0,"5,9","0,2",0,0,"3,6","0,8",0,0,2,-,"1747,4"
265,Recife (Alto da Brasileira),set./2024,0,"4,2",0,0,0,0,0,"9,8","15,5",-,"2,5","4,8","3,9","2,1","1,1",0,"0,2","4,8",0,0,0,"19,2","0,6",0,0,"4,2",0,0,0,"6,4",-,"1819,1"
196,Recife (Codecipe / Santo Amaro),set./2024,0,0,0,0,0,"0,4",0,"7,8","5,8",0,1,"4,1",5,"4,2",0,1,"1,8",0,0,0,0,0,0,0,0,"1,8","2,3",0,0,"3,5",-,"1511,9"
30,Recife (Várzea),set./2024,-,-,-,-,-,-,-,-,-,-,-,-,-,-,-,-,-,-,-,-,-,-,-,-,-,-,-,-,-,-,-,0
267,São Lourenço da Mata (Tapacurá),set./2024,0,"2,5",0,0,0,0,0,"2,7",0,0,0,8,"1,4","0,6","1,4",0,0,0,"0,6",0,0,"0,7",0,0,0,"0,5",0,"0,2",0,"0,8",-,"1214,2"
198,Abreu e Lima,out./2024,0,"0,4","1,3",0,0,0,0,0,0,0,0,0,0,0,"9,8","1,1",0,0,0,0,0,"5,2",0,0,0,0,0,0,0,0,0,"1873,8"
309,Araçoiaba (Granja Cristo Redentor),out./2024,0,0,0,0,"4,2",0,0,0,0,0,0,0,0,0,"7,3",0,0,0,0,0,0,0,0,0,0,0,0,0,0,0,0,"1208,9"
301,Cabo,out./2024,-,-,-,-,-,-,-,-,-,-,-,-,-,-,-,-,-,-,-,-,-,-,-,-,-,-,-,-,-,-,-,0
490,Cabo (Barragem de Gurjaú),out./2024,1,0,1,"1,4",0,0,0,0,0,0,0,0,0,0,"0,8","4,1","1,1","1,1",0,0,"0,6","0,3",0,"4,3",0,0,"1,2",0,"1,9",0,0,"1813,5"
491,Cabo (Barragem de Suape),out./2024,"2,5",0,"5,8",0,0,0,0,0,0,0,0,0,0,0,"1,4",0,"0,4",0,0,0,0,0,0,"2,2",0,0,"1,5",0,"1,5",0,0,"1764,8"
603,Cabo (Pirapama),out./2024,"6,2",0,0,"0,3","0,2","0,1",0,0,0,0,0,0,0,0,"3,4",0,"9,5","1,1","0,1",0,0,"2,9",0,"3,1","0,1",0,"1,7","3,2","0,3",0,"1,4","1927,2"
201,Camaragibe,out./2024,"1,2",0,0,0,0,0,0,0,0,0,0,0,0,0,"2,4",1,0,0,0,0,0,"2,1",1,0,0,0,3,"7,8",0,0,0,"1620,3"
28,Goiana (Itapirema - IPA),out./2024,"0,8","0,8","0,8",0,0,0,0,0,0,0,0,0,0,0,"4,6","0,2",0,0,0,0,0,"3,8",0,0,0,0,"2,4","0,4","2,8",0,0,"1275,3"
487,Goiana - PCD,out./2024,"0,8","3,8","0,2",0,0,0,0,0,0,0,0,0,0,0,-,-,-,-,-,-,-,-,-,-,-,-,-,-,-,-,-,"221,4"
100,Igarassu,out./2024,0,"0,6","3,4",0,0,0,0,0,0,0,0,0,0,0,"6,9","0,9",0,0,0,0,0,2,0,0,0,0,0,0,0,0,0,1579
269,Igarassu (Bar.Catucá),out./2024,0,0,0,0,0,0,0,0,0,0,0,0,0,0,10,1,0,-,0,0,0,1,0,0,0,0,0,"0,6","1,5",0,0,"1254,1"
294,Igarassu (Usina São José),out./2024,0,0,0,0,2,0,0,0,0,0,0,0,0,0,"7,2",0,0,0,0,0,0,"4,8",0,0,0,0,0,"0,4",0,0,"0,2","1389,1"
387,Ipojuca,out./2024,0,"1,3","5,1",0,0,0,0,0,0,0,0,0,0,0,"3,5","0,3",0,0,0,0,0,0,0,"0,3",0,0,"6,8","3,2","1,5",0,0,"1859,6"
602,Ipojuca (Suape) - PCD,out./2024,-,-,-,-,-,-,-,-,-,-,-,-,-,-,-,-,-,-,-,-,-,-,-,-,-,-,-,-,-,-,-,"467,8"
524,Itamaracá,out./2024,"1,6",0,1,0,0,0,0,0,0,0,0,0,0,0,11,"1,5",0,0,0,0,0,"3,2","2,2",0,0,0,0,"0,6","1,2",0,0,"1558,8"
520,Itapissuma,out./2024,"1,5",0,"1,3",0,0,0,0,0,0,0,0,0,0,0,"9,5","1,4",0,0,0,0,0,"2,8","1,6",0,0,0,0,"0,4","1,3",0,0,"1723,9"
604,Jaboatão (Cidade da Copa) - PCD,out./2024,0,1,"1,8","0,2",0,0,0,0,0,0,0,0,"0,4","1,6","4,6",1,"0,2",0,1,"0,2",0,"1,2",0,"2,4",0,0,"1,6","0,2","6,6",0,0,"2019,2"
202,Jaboatão dos Guararapes,out./2024,-,-,-,-,-,-,-,-,-,-,-,-,-,-,-,-,-,-,-,-,-,-,-,-,-,-,-,-,-,-,-,0
268,Jaboatão dos Guararapes (Bar.Duas Unas),out./2024,"1,4","0,7","0,5",0,0,0,0,0,0,0,0,0,0,1,"1,4",0,"4,2","1,6",0,0,0,"1,3",0,"3,2",0,0,"0,9","3,8","9,2",0,0,"1761,8"
205,Moreno,out./2024,0,0,0,0,0,0,0,0,0,0,0,0,0,3,0,0,0,0,0,0,0,5,0,0,0,0,0,2,5,0,0,"1432,4"
199,Olinda,out./2024,-,-,-,-,-,-,-,-,-,-,-,-,-,-,-,-,-,-,-,-,-,-,-,-,-,-,-,-,-,-,-,0
551,Olinda (Academia Santa Gertrudes),out./2024,0,"4,6","0,7",0,0,0,0,0,0,0,0,0,0,0,-,0,0,0,0,0,0,"0,9",0,0,0,"0,1","0,1",0,"0,2",0,0,"1456,7"
209,Olinda (Alto da Bondade),out./2024,-,-,-,-,-,-,-,-,-,-,-,-,-,-,-,-,-,-,-,-,-,-,-,-,-,-,-,-,-,-,-,0
451,Paulista,out./2024,"0,2","3,4","0,2",0,0,0,0,0,0,0,0,0,0,0,"9,5",0,0,0,0,0,3,0,0,0,0,0,0,0,0,0,0,"1747,4"
265,Recife (Alto da Brasileira),out./2024,"1,3",1,0,0,0,0,0,0,0,-,0,0,0,"2,2","2,9",0,0,0,"2,5",0,0,"1,5",0,"2,1",0,0,0,"4,7","3,6",0,0,"1819,1"
196,Recife (Codecipe / Santo Amaro),out./2024,0,4,1,0,0,0,0,0,0,0,0,0,0,"0,2","5,1",0,0,0,"4,5",0,0,"2,8",0,0,0,0,0,"2,4",5,0,0,"1511,9"
30,Recife (Várzea),out./2024,-,-,-,-,-,-,-,-,-,-,-,-,-,-,-,-,-,-,-,-,-,-,-,-,-,-,-,-,-,-,-,0
267,São Lourenço da Mata (Tapacurá),out./2024,0,0,0,0,0,0,0,0,0,0,0,0,0,"0,7",0,0,0,0,0,0,0,0,0,0,0,0,0,"0,4","10,6",0,0,"1214,2"
198,Abreu e Lima,nov./2024,"1,7",0,0,"2,3",0,"0,6",8,"1,4",0,0,0,0,0,0,0,0,0,0,0,0,0,0,0,"0,2",0,"0,7",0,0,0,0,-,"1873,8"
309,Araçoiaba (Granja Cristo Redentor),nov./2024,0,0,0,0,0,0,0,0,0,0,0,0,0,0,0,0,0,0,0,0,0,0,0,0,0,0,0,0,0,0,-,"1208,9"
301,Cabo,nov./2024,-,-,-,-,-,-,-,-,-,-,-,-,-,-,-,-,-,-,-,-,-,-,-,-,-,-,-,-,-,-,-,0
490,Cabo (Barragem de Gurjaú),nov./2024,0,"2,6","0,3",0,"0,8",0,"0,6",0,"1,4",0,0,0,1,0,0,1,0,"2,4",0,0,0,0,0,0,0,0,0,0,0,0,-,"1813,5"
491,Cabo (Barragem de Suape),nov./2024,0,"3,7",0,0,0,0,"1,1",0,"1,4",0,0,0,0,0,0,0,0,"2,5",0,0,0,0,0,0,0,0,0,0,0,0,-,"1764,8"
603,Cabo (Pirapama),nov./2024,0,"2,5","0,3",0,0,0,"0,7",0,0,"0,7",0,0,0,0,0,0,0,0,"0,1",0,"0,3","0,1",0,0,0,"1,2","0,1",0,0,0,-,"1927,2"
201,Camaragibe,nov./2024,0,"0,5",0,0,0,0,0,1,1,0,0,0,0,0,0,0,0,0,0,0,0,0,0,0,"0,5",0,0,0,0,0,-,"1620,3"
28,Goiana (Itapirema - IPA),nov./2024,0,"0,2","0,2",0,"0,2","0,2","0,6","0,6",1,"0,2",0,0,0,0,0,"0,2","0,2",0,0,0,0,0,0,0,"0,2",0,0,0,0,0,-,"1275,3"
487,Goiana - PCD,nov./2024,-,-,-,-,-,-,-,-,-,-,-,-,-,-,-,-,-,-,-,-,-,-,-,-,-,-,-,-,-,-,-,"221,4"
100,Igarassu,nov./2024,"2,1",0,0,"0,2",0,"2,2","0,2","1,8","1,3","2,5",0,0,0,0,"0,2","0,1",0,0,0,0,0,0,0,0,0,0,"0,2",0,0,0,-,1579
269,Igarassu (Bar.Catucá),nov./2024,0,0,0,0,"0,5",0,0,"0,2",0,0,0,0,0,0,0,0,0,-,0,0,0,0,0,0,"0,4",0,0,0,0,0,-,"1254,1"
294,Igarassu (Usina São José),nov./2024,0,0,0,0,0,"1,3",0,0,0,0,0,0,0,0,0,0,0,0,0,0,0,0,"0,8",0,0,0,0,0,0,0,-,"1389,1"
387,Ipojuca,nov./2024,0,"1,7","0,9",0,0,0,0,"1,2","1,7",0,0,0,"0,4",0,0,"2,4","0,4",0,0,0,0,0,0,0,"1,9",0,0,0,0,0,-,"1859,6"
602,Ipojuca (Suape) - PCD,nov./2024,-,-,-,-,-,-,-,-,-,-,-,-,-,-,-,-,-,-,-,-,-,-,-,-,-,-,-,-,-,-,-,"467,8"
524,Itamaracá,nov./2024,0,"0,8",0,0,"2,4",0,0,"2,2","2,4",0,0,0,0,0,0,0,0,0,0,0,0,0,0,0,0,0,0,0,0,0,-,"1558,8"
520,Itapissuma,nov./2024,0,"0,9",0,0,"1,8",0,0,"1,9","2,5",0,0,0,0,0,0,0,0,0,0,0,0,0,0,0,0,0,0,0,0,0,-,"1723,9"
604,Jaboatão (Cidade da Copa) - PCD,nov./2024,0,"1,6",0,0,"4,4",0,"0,2","3,4",0,"0,6",0,0,0,0,0,0,0,"1,4",0,0,0,0,0,0,0,0,"0,6","0,2",0,0,-,"2019,2"
202,Jaboatão dos Guararapes,nov./2024,-,-,-,-,-,-,-,-,-,-,-,-,-,-,-,-,-,-,-,-,-,-,-,-,-,-,-,-,-,-,-,0
268,Jaboatão dos Guararapes (Bar.Duas Unas),nov./2024,0,0,0,0,"0,8","0,3","0,5",0,"3,6","1,1",0,0,0,0,0,0,0,0,0,0,0,0,0,0,0,0,0,0,0,0,-,"1761,8"
205,Moreno,nov./2024,0,0,0,0,0,0,0,0,0,0,0,0,0,0,0,0,7,2,0,0,0,0,0,0,0,0,0,3,0,0,-,"1432,4"
199,Olinda,nov./2024,-,-,-,-,-,-,-,-,-,-,-,-,-,-,-,-,-,-,-,-,-,-,-,-,-,-,-,-,-,-,-,0
551,Olinda (Academia Santa Gertrudes),nov./2024,0,"0,2",0,0,"0,1","0,3",0,0,0,0,"0,3",0,0,0,0,0,0,0,0,0,0,0,0,0,0,0,0,0,"0,2",0,-,"1456,7"
209,Olinda (Alto da Bondade),nov./2024,-,-,-,-,-,-,-,-,-,-,-,-,-,-,-,-,-,-,-,-,-,-,-,-,-,-,-,-,-,-,-,0
451,Paulista,nov./2024,0,0,0,0,"0,8",0,"0,2","4,2",0,0,0,0,0,0,0,0,0,0,0,0,0,0,0,0,0,0,"0,2",0,0,"0,4",-,"1747,4"
265,Recife (Alto da Brasileira),nov./2024,"1,2",0,0,0,0,"3,2",0,"3,6",0,-,0,0,0,0,0,0,0,0,0,0,0,0,0,0,0,0,0,0,0,0,-,"1819,1"
196,Recife (Codecipe / Santo Amaro),nov./2024,0,0,"0,2",0,0,"1,3",6,1,0,0,0,0,0,0,0,0,0,0,0,0,0,0,0,0,0,0,0,0,0,0,-,"1511,9"
30,Recife (Várzea),nov./2024,-,-,-,-,-,-,-,-,-,-,-,-,-,-,-,-,-,-,-,-,-,-,-,-,-,-,-,-,-,-,-,0
267,São Lourenço da Mata (Tapacurá),nov./2024,0,0,0,0,0,0,0,0,"5,2",0,0,0,0,0,0,0,0,0,0,0,0,0,0,0,0,0,0,0,0,0,-,"1214,2"
198,Abreu e Lima,dez./2024,0,0,0,"1,3",0,"0,1","8,7",0,0,0,0,0,0,"9,8",0,0,0,0,0,"2,4",0,0,0,0,0,0,0,4,0,0,0,"1873,8"
309,Araçoiaba (Granja Cristo Redentor),dez./2024,0,0,0,0,0,0,"6,7",0,0,0,0,0,"7,6",0,"5,4",0,0,0,0,0,"6,3",0,0,0,0,0,0,0,0,0,0,"1208,9"
301,Cabo,dez./2024,-,-,-,-,-,-,-,-,-,-,-,-,-,-,-,-,-,-,-,-,-,-,-,-,-,-,-,-,-,-,-,0
490,Cabo (Barragem de Gurjaú),dez./2024,0,0,"1,9","0,3",0,0,"1,2","1,8","0,7",0,0,0,0,0,"4,8","0,7","0,8","0,2","0,3","4,5","2,8","1,8",0,0,"0,4",0,0,17,"0,5","1,4","0,1","1813,5"
491,Cabo (Barragem de Suape),dez./2024,0,0,"3,8",0,0,0,0,"3,2",0,0,0,0,0,0,"12,6","0,5",0,0,0,"2,8",0,0,0,0,0,0,0,5,0,"3,3",0,"1764,8"
603,Cabo (Pirapama),dez./2024,0,0,"11,7","0,9","1,5",0,"0,5","1,2",0,0,0,0,0,"0,1","4,7","0,3","0,6","1,3",0,"4,7","0,5","2,2",0,0,0,0,0,4,"0,2",0,0,"1927,2"
201,Camaragibe,dez./2024,0,0,1,"26,4","0,6",1,2,3,0,0,0,0,0,0,"0,4",0,0,0,0,"3,4",0,0,0,0,0,0,0,"2,8",0,0,0,"1620,3"
28,Goiana (Itapirema - IPA),dez./2024,0,"0,6","0,8","4,8","0,2","0,2","2,8",0,"0,2",0,0,0,0,"3,6","0,8","4,4",0,0,0,"30,6","1,2","0,6",0,"0,2",0,0,1,"2,8","0,8",0,"0,2","1275,3"
487,Goiana - PCD,dez./2024,-,-,-,-,-,0,0,"6,2",0,-,-,-,-,-,-,-,-,-,-,-,-,-,-,-,-,-,-,-,-,-,-,"221,4"
100,Igarassu,dez./2024,0,0,0,36,"8,9","2,7","5,5",0,"0,1",0,0,0,0,0,"5,5","0,3",0,0,0,"0,6",0,0,0,0,0,0,0,"4,5",0,0,0,1579
269,Igarassu (Bar.Catucá),dez./2024,0,0,"0,6","3,1",0,"1,7",0,0,"1,6",0,0,0,0,0,"0,8","0,9",0,-,0,"2,3",0,0,"0,5",0,0,0,0,"8,1",0,0,"0,6","1254,1"
294,Igarassu (Usina São José),dez./2024,0,-,"11,3","1,7",0,0,"10,4",0,0,0,0,0,0,0,"1,8",0,0,0,"0,5","3,4",0,0,0,0,0,"3,5",0,0,0,0,0,"1389,1"
387,Ipojuca,dez./2024,0,0,"11,1",0,0,0,"4,6",1,0,0,0,0,0,0,0,0,0,0,0,0,0,0,0,0,0,0,0,11,"0,8","0,5",0,"1859,6"
602,Ipojuca (Suape) - PCD,dez./2024,-,-,-,-,-,-,-,-,-,-,-,-,-,-,-,-,-,-,-,-,-,-,-,-,-,-,-,-,-,-,-,"467,8"
524,Itamaracá,dez./2024,0,0,"2,4","42,2","1,2","2,5","0,8","2,5",0,0,0,"0,3",0,0,"1,2",0,0,0,0,3,0,0,0,0,0,0,0,"3,2",0,0,0,"1558,8"
520,Itapissuma,dez./2024,0,0,"2,5",43,"0,8","2,1","0,7",1,0,0,0,"0,7",0,0,"0,9",0,0,0,0,"2,8",0,0,0,0,0,0,0,"2,5",0,0,0,"1723,9"
604,Jaboatão (Cidade da Copa) - PCD,dez./2024,0,1,"1,6","10,2",0,"0,2","5,8","1,4",0,0,0,0,0,0,"4,2","2,4","0,2",0,0,"3,8","3,8",2,0,0,0,0,0,9,"0,2","1,8","0,2","2019,2"
202,Jaboatão dos Guararapes,dez./2024,-,-,-,-,-,-,-,-,-,-,-,-,-,-,-,-,-,-,-,-,-,-,-,-,-,-,-,-,-,-,-,0
268,Jaboatão dos Guararapes (Bar.Duas Unas),dez./2024,0,"0,1","13,3","0,6",0,0,"1,4","0,3","0,3",0,0,0,0,0,"8,6","1,6","0,4","0,9",0,"1,7","6,7","1,6",0,0,0,0,0,"14,5","1,2","1,9",0,"1761,8"
205,Moreno,dez./2024,7,0,"6,8",4,0,0,0,"0,4",0,0,0,0,0,0,0,3,1,0,0,0,3,"1,5",0,0,0,0,0,0,0,0,0,"1432,4"
199,Olinda,dez./2024,-,-,-,-,-,-,-,-,-,-,-,-,-,-,-,-,-,-,-,-,-,-,-,-,-,-,-,-,-,-,-,0
551,Olinda (Academia Santa Gertrudes),dez./2024,0,"0,9",1,"0,6",0,0,0,0,"2,5",0,0,0,0,0,0,"3,6",0,0,0,"2,7",0,0,"0,2",0,0,"1,1",0,0,0,"1,5",0,"1456,7"
209,Olinda (Alto da Bondade),dez./2024,-,-,-,-,-,-,-,-,-,-,-,-,-,-,-,-,-,-,-,-,-,-,-,-,-,-,-,-,-,-,-,0
451,Paulista,dez./2024,0,"0,4","0,2","2,4",0,0,"5,1","3,8",0,0,0,"0,2",0,0,3,0,0,0,"2,2",0,0,0,0,0,0,0,0,"3,4",0,0,0,"1747,4"
265,Recife (Alto da Brasileira),dez./2024,0,"2,3","4,1","6,7",0,0,"0,7","0,5","0,4",-,0,0,0,0,"6,2","3,7",0,0,0,"3,3",0,0,0,0,0,0,0,"3,1",0,"0,7",0,"1819,1"
196,Recife (Codecipe / Santo Amaro),dez./2024,0,0,0,1,0,0,"3,2",1,0,0,0,0,0,0,"0,9",0,"0,2",0,0,0,"1,2",0,0,0,0,0,0,1,0,0,0,"1511,9"
30,Recife (Várzea),dez./2024,-,-,-,-,-,-,-,-,-,-,-,-,-,-,-,-,-,-,-,-,-,-,-,-,-,-,-,-,-,-,-,0
267,São Lourenço da Mata (Tapacurá),dez./2024,0,0,"11,2","12,9",0,0,"0,9","0,8",0,0,0,0,0,0,"0,9","2,8",0,0,0,7,"0,7",0,0,0,0,0,0,"2,4",0,0,0,"1214,2"